<?xml version="1.0" encoding="UTF-8"?>
<project-private xmlns="http://www.netbeans.org/ns/project-private/1">
    <data xmlns="http://www.netbeans.org/ns/make-project-private/1">
        <activeConfTypeElem>1</activeConfTypeElem>
        <activeConfIndexElem>0</activeConfIndexElem>
    </data>
    <editor-bookmarks xmlns="http://www.netbeans.org/ns/editor-bookmarks/2" lastBookmarkId="0"/>
    <open-files xmlns="http://www.netbeans.org/ns/projectui-open-files/2">
        <group>
            <file>file:/E:/CS/CIS17B_Rogue_Game/Map/Map_V5_1/Cols.h</file>
            <file>file:/E:/CS/CIS17B_Rogue_Game/Map/Map_V5_1/Row.cpp</file>
            <file>file:/E:/CS/CIS17B_Rogue_Game/Map/Map_V5_1/Row.h</file>
            <file>file:/E:/CS/CIS17B_Rogue_Game/Map/Map_V5_1/Room.h</file>
            <file>file:/E:/CS/CIS17B_Rogue_Game/Map/Map_V5_1/main.cpp</file>
            <file>file:/E:/CS/CIS17B_Rogue_Game/Map/Map_V5_1/Level.cpp</file>
            <file>file:/E:/CS/CIS17B_Rogue_Game/Map/Map_V5_1/Cols.cpp</file>
            <file>file:/E:/CS/CIS17B_Rogue_Game/Map/Map_V5_1/Map.cpp</file>
            <file>file:/E:/CS/CIS17B_Rogue_Game/Map/Map_V5_1/Map.h</file>
            <file>file:/E:/CS/CIS17B_Rogue_Game/Map/Map_V5_1/Level.h</file>
            <file>file:/E:/CS/CIS17B_Rogue_Game/Map/Map_V5_1/Room.cpp</file>
        </group>
    </open-files>
</project-private>
